{
  "num_rows": 8734,
  "num_trades": 2790,
  "entry_distribution": {
    "-100": 795,
    "0": 935,
    "1": 3577,
    "2": 3427
  },
  "hold_distribution": {
    "-100": 795,
    "0": 2992,
    "1": 2532,
    "2": 2415
  },
  "exit_distribution": {
    "-100": 795,
    "0": 1526,
    "1": 3205,
    "2": 3208
  },
  "ambiguous_ratio": 0.09102358598580261,
  "avg_holding_bars": 2.9096774193548387,
  "avg_net_roi": 0.16122547157775746,
  "label_coverage": 0.9074879780169453
}