{
  "b0": {
    "arm": "b0",
    "total_return": 0.09006036690106223,
    "max_drawdown": -0.012136272269246696,
    "trade_count": 13,
    "teq_open": 3,
    "slow_up_open": 0,
    "slow_up_pnl": 0.0,
    "teq_pnl": 0.007977117171790428,
    "coverage": 0.26666666666666666,
    "counter_leg": 2,
    "slow_up_false_entry": 0
  },
  "a3a": {
    "arm": "a3a",
    "total_return": 0.07252208035007213,
    "max_drawdown": -0.022777607518183196,
    "trade_count": 15,
    "teq_open": 3,
    "slow_up_open": 2,
    "slow_up_pnl": -0.012135033877044548,
    "teq_pnl": 0.007977117171790428,
    "coverage": 0.26666666666666666,
    "counter_leg": 2,
    "slow_up_false_entry": 0
  },
  "incr_cov": 0.0,
  "explore_pass": false
}