{
  "total_return": -0.05013510581943581,
  "benchmark_return": -0.17818899225621998,
  "excess_return": 0.12805388643678417,
  "max_drawdown": -0.07087575653127598,
  "win_rate": 0.28,
  "profit_factor": 0.6854734748668152,
  "trade_count": 25.0,
  "avg_bars_held": 4.0,
  "avg_fee_per_trade": 0.0004384,
  "max_margin_loss_ratio_observed": 0.3560394613416004,
  "position_limit_violations": 0.0,
  "risk_rule_violations": 0.0,
  "probe_short_count": 25.0,
  "probe_short_win_rate": 0.28,
  "probe_short_total_return": -0.032629828719828266,
  "blocked_long_downtrend_count": 0.0,
  "missed_downtrend_bars": 407.0,
  "short_coverage_downtrend_ratio": 0.1394422310756972
}