{
  "checkpoint": "checkpoints/0062e_market_state_return_ic_recovery/market_state_best.pt",
  "base_config": "configs/trading_rule_v014_aggressive.json",
  "split": "valid",
  "start_idx": 6109,
  "end_idx": 7417,
  "grid_size": 576,
  "min_trades_filter": 8,
  "best": {
    "open_edge_threshold": 0.04,
    "open_prob_threshold": 0.34,
    "open_flat_max": 0.4,
    "risk_open_max": 0.45,
    "risk_exit_threshold": 0.52,
    "total_return": 0.027952401146608796,
    "benchmark_return": 0.13966934033675615,
    "excess_return": -0.11171693919014736,
    "max_drawdown": -0.09575725599821738,
    "win_rate": 0.6363636363636364,
    "profit_factor": 4.840390970788808,
    "trade_count": 11.0,
    "avg_bars_held": 0.0,
    "avg_fee_per_trade": 0.0008725672748955813,
    "max_margin_loss_ratio_observed": 0.2739043873688229,
    "position_limit_violations": 0.0,
    "risk_rule_violations": 0.0,
    "score": 2.1170103669059657
  },
  "top": [
    {
      "open_edge_threshold": 0.04,
      "open_prob_threshold": 0.34,
      "open_flat_max": 0.4,
      "risk_open_max": 0.45,
      "risk_exit_threshold": 0.52,
      "total_return": 0.027952401146608796,
      "benchmark_return": 0.13966934033675615,
      "excess_return": -0.11171693919014736,
      "max_drawdown": -0.09575725599821738,
      "win_rate": 0.6363636363636364,
      "profit_factor": 4.840390970788808,
      "trade_count": 11.0,
      "avg_bars_held": 0.0,
      "avg_fee_per_trade": 0.0008725672748955813,
      "max_margin_loss_ratio_observed": 0.2739043873688229,
      "position_limit_violations": 0.0,
      "risk_rule_violations": 0.0,
      "score": 2.1170103669059657
    },
    {
      "open_edge_threshold": 0.04,
      "open_prob_threshold": 0.34,
      "open_flat_max": 0.4,
      "risk_open_max": 0.45,
      "risk_exit_threshold": 0.55,
      "total_return": 0.027952401146608796,
      "benchmark_return": 0.13966934033675615,
      "excess_return": -0.11171693919014736,
      "max_drawdown": -0.09575725599821738,
      "win_rate": 0.6363636363636364,
      "profit_factor": 4.840390970788808,
      "trade_count": 11.0,
      "avg_bars_held": 0.0,
      "avg_fee_per_trade": 0.0008725672748955813,
      "max_margin_loss_ratio_observed": 0.2739043873688229,
      "position_limit_violations": 0.0,
      "risk_rule_violations": 0.0,
      "score": 2.1170103669059657
    },
    {
      "open_edge_threshold": 0.04,
      "open_prob_threshold": 0.34,
      "open_flat_max": 0.4,
      "risk_open_max": 0.45,
      "risk_exit_threshold": 0.58,
      "total_return": 0.027952401146608796,
      "benchmark_return": 0.13966934033675615,
      "excess_return": -0.11171693919014736,
      "max_drawdown": -0.09575725599821738,
      "win_rate": 0.6363636363636364,
      "profit_factor": 4.840390970788808,
      "trade_count": 11.0,
      "avg_bars_held": 0.0,
      "avg_fee_per_trade": 0.0008725672748955813,
      "max_margin_loss_ratio_observed": 0.2739043873688229,
      "position_limit_violations": 0.0,
      "risk_rule_violations": 0.0,
      "score": 2.1170103669059657
    },
    {
      "open_edge_threshold": 0.04,
      "open_prob_threshold": 0.34,
      "open_flat_max": 0.4,
      "risk_open_max": 0.48,
      "risk_exit_threshold": 0.52,
      "total_return": 0.027952401146608796,
      "benchmark_return": 0.13966934033675615,
      "excess_return": -0.11171693919014736,
      "max_drawdown": -0.09575725599821738,
      "win_rate": 0.6363636363636364,
      "profit_factor": 4.840390970788808,
      "trade_count": 11.0,
      "avg_bars_held": 0.0,
      "avg_fee_per_trade": 0.0008725672748955813,
      "max_margin_loss_ratio_observed": 0.2739043873688229,
      "position_limit_violations": 0.0,
      "risk_rule_violations": 0.0,
      "score": 2.1170103669059657
    },
    {
      "open_edge_threshold": 0.04,
      "open_prob_threshold": 0.34,
      "open_flat_max": 0.4,
      "risk_open_max": 0.48,
      "risk_exit_threshold": 0.55,
      "total_return": 0.027952401146608796,
      "benchmark_return": 0.13966934033675615,
      "excess_return": -0.11171693919014736,
      "max_drawdown": -0.09575725599821738,
      "win_rate": 0.6363636363636364,
      "profit_factor": 4.840390970788808,
      "trade_count": 11.0,
      "avg_bars_held": 0.0,
      "avg_fee_per_trade": 0.0008725672748955813,
      "max_margin_loss_ratio_observed": 0.2739043873688229,
      "position_limit_violations": 0.0,
      "risk_rule_violations": 0.0,
      "score": 2.1170103669059657
    },
    {
      "open_edge_threshold": 0.04,
      "open_prob_threshold": 0.34,
      "open_flat_max": 0.4,
      "risk_open_max": 0.48,
      "risk_exit_threshold": 0.58,
      "total_return": 0.027952401146608796,
      "benchmark_return": 0.13966934033675615,
      "excess_return": -0.11171693919014736,
      "max_drawdown": -0.09575725599821738,
      "win_rate": 0.6363636363636364,
      "profit_factor": 4.840390970788808,
      "trade_count": 11.0,
      "avg_bars_held": 0.0,
      "avg_fee_per_trade": 0.0008725672748955813,
      "max_margin_loss_ratio_observed": 0.2739043873688229,
      "position_limit_violations": 0.0,
      "risk_rule_violations": 0.0,
      "score": 2.1170103669059657
    },
    {
      "open_edge_threshold": 0.04,
      "open_prob_threshold": 0.34,
      "open_flat_max": 0.4,
      "risk_open_max": 0.5,
      "risk_exit_threshold": 0.52,
      "total_return": 0.027952401146608796,
      "benchmark_return": 0.13966934033675615,
      "excess_return": -0.11171693919014736,
      "max_drawdown": -0.09575725599821738,
      "win_rate": 0.6363636363636364,
      "profit_factor": 4.840390970788808,
      "trade_count": 11.0,
      "avg_bars_held": 0.0,
      "avg_fee_per_trade": 0.0008725672748955813,
      "max_margin_loss_ratio_observed": 0.2739043873688229,
      "position_limit_violations": 0.0,
      "risk_rule_violations": 0.0,
      "score": 2.1170103669059657
    },
    {
      "open_edge_threshold": 0.04,
      "open_prob_threshold": 0.34,
      "open_flat_max": 0.4,
      "risk_open_max": 0.5,
      "risk_exit_threshold": 0.55,
      "total_return": 0.027952401146608796,
      "benchmark_return": 0.13966934033675615,
      "excess_return": -0.11171693919014736,
      "max_drawdown": -0.09575725599821738,
      "win_rate": 0.6363636363636364,
      "profit_factor": 4.840390970788808,
      "trade_count": 11.0,
      "avg_bars_held": 0.0,
      "avg_fee_per_trade": 0.0008725672748955813,
      "max_margin_loss_ratio_observed": 0.2739043873688229,
      "position_limit_violations": 0.0,
      "risk_rule_violations": 0.0,
      "score": 2.1170103669059657
    },
    {
      "open_edge_threshold": 0.04,
      "open_prob_threshold": 0.34,
      "open_flat_max": 0.4,
      "risk_open_max": 0.5,
      "risk_exit_threshold": 0.58,
      "total_return": 0.027952401146608796,
      "benchmark_return": 0.13966934033675615,
      "excess_return": -0.11171693919014736,
      "max_drawdown": -0.09575725599821738,
      "win_rate": 0.6363636363636364,
      "profit_factor": 4.840390970788808,
      "trade_count": 11.0,
      "avg_bars_held": 0.0,
      "avg_fee_per_trade": 0.0008725672748955813,
      "max_margin_loss_ratio_observed": 0.2739043873688229,
      "position_limit_violations": 0.0,
      "risk_rule_violations": 0.0,
      "score": 2.1170103669059657
    },
    {
      "open_edge_threshold": 0.04,
      "open_prob_threshold": 0.34,
      "open_flat_max": 0.42,
      "risk_open_max": 0.45,
      "risk_exit_threshold": 0.52,
      "total_return": 0.027952401146608796,
      "benchmark_return": 0.13966934033675615,
      "excess_return": -0.11171693919014736,
      "max_drawdown": -0.09575725599821738,
      "win_rate": 0.6363636363636364,
      "profit_factor": 4.840390970788808,
      "trade_count": 11.0,
      "avg_bars_held": 0.0,
      "avg_fee_per_trade": 0.0008725672748955813,
      "max_margin_loss_ratio_observed": 0.2739043873688229,
      "position_limit_violations": 0.0,
      "risk_rule_violations": 0.0,