{
  "checkpoint": "checkpoints/0062e_market_state_return_ic_recovery/market_state_best.pt",
  "split": "test",
  "num_anchors": 1305,
  "grid_size": 768,
  "min_trades_filter": 5,
  "best": {
    "open_edge_threshold": 0.08,
    "open_prob_threshold": 0.3,
    "open_flat_max": 0.46,
    "risk_ok_threshold": 0.46,
    "risk_exit_threshold": 0.48,
    "strategy_return": -0.019567977023675853,
    "buy_hold_return": -0.15739445782607187,
    "excess_return": 0.137826480802396,
    "sharpe": -2.9417244692238347,
    "max_drawdown": -0.021541059460130525,
    "num_trades": 68.0,
    "win_rate": 0.5735294117647058,
    "profit_factor": 1.182563442935471,
    "avg_trade_pnl_equity": 0.00014648969078141972,
    "blocked_open_count": 26.0,
    "final_equity": 0.9804320229763241,
    "score": -0.216583480293998
  },
  "top": [
    {
      "open_edge_threshold": 0.08,
      "open_prob_threshold": 0.3,
      "open_flat_max": 0.46,
      "risk_ok_threshold": 0.46,
      "risk_exit_threshold": 0.48,
      "strategy_return": -0.019567977023675853,
      "buy_hold_return": -0.15739445782607187,
      "excess_return": 0.137826480802396,
      "sharpe": -2.9417244692238347,
      "max_drawdown": -0.021541059460130525,
      "num_trades": 68.0,
      "win_rate": 0.5735294117647058,
      "profit_factor": 1.182563442935471,
      "avg_trade_pnl_equity": 0.00014648969078141972,
      "blocked_open_count": 26.0,
      "final_equity": 0.9804320229763241,
      "score": -0.216583480293998
    },
    {
      "open_edge_threshold": 0.08,
      "open_prob_threshold": 0.3,
      "open_flat_max": 0.46,
      "risk_ok_threshold": 0.46,
      "risk_exit_threshold": 0.52,
      "strategy_return": -0.019567977023675853,
      "buy_hold_return": -0.15739445782607187,
      "excess_return": 0.137826480802396,
      "sharpe": -2.9417244692238347,
      "max_drawdown": -0.021541059460130525,
      "num_trades": 68.0,
      "win_rate": 0.5735294117647058,
      "profit_factor": 1.182563442935471,
      "avg_trade_pnl_equity": 0.00014648969078141972,
      "blocked_open_count": 26.0,
      "final_equity": 0.9804320229763241,
      "score": -0.216583480293998
    },
    {
      "open_edge_threshold": 0.08,
      "open_prob_threshold": 0.3,
      "open_flat_max": 0.46,
      "risk_ok_threshold": 0.46,
      "risk_exit_threshold": 0.56,
      "strategy_return": -0.019567977023675853,
      "buy_hold_return": -0.15739445782607187,
      "excess_return": 0.137826480802396,
      "sharpe": -2.9417244692238347,
      "max_drawdown": -0.021541059460130525,
      "num_trades": 68.0,
      "win_rate": 0.5735294117647058,
      "profit_factor": 1.182563442935471,
      "avg_trade_pnl_equity": 0.00014648969078141972,
      "blocked_open_count": 26.0,
      "final_equity": 0.9804320229763241,
      "score": -0.216583480293998
    },
    {
      "open_edge_threshold": 0.08,
      "open_prob_threshold": 0.3,
      "open_flat_max": 0.46,
      "risk_ok_threshold": 0.5,
      "risk_exit_threshold": 0.48,
      "strategy_return": -0.019567977023675853,
      "buy_hold_return": -0.15739445782607187,
      "excess_return": 0.137826480802396,
      "sharpe": -2.9417244692238347,
      "max_drawdown": -0.021541059460130525,
      "num_trades": 68.0,
      "win_rate": 0.5735294117647058,
      "profit_factor": 1.182563442935471,
      "avg_trade_pnl_equity": 0.00014648969078141972,
      "blocked_open_count": 26.0,
      "final_equity": 0.9804320229763241,
      "score": -0.216583480293998
    },
    {
      "open_edge_threshold": 0.08,
      "open_prob_threshold": 0.3,
      "open_flat_max": 0.46,
      "risk_ok_threshold": 0.5,
      "risk_exit_threshold": 0.52,
      "strategy_return": -0.019567977023675853,
      "buy_hold_return": -0.15739445782607187,
      "excess_return": 0.137826480802396,
      "sharpe": -2.9417244692238347,
      "max_drawdown": -0.021541059460130525,
      "num_trades": 68.0,
      "win_rate": 0.5735294117647058,
      "profit_factor": 1.182563442935471,
      "avg_trade_pnl_equity": 0.00014648969078141972,
      "blocked_open_count": 26.0,
      "final_equity": 0.9804320229763241,
      "score": -0.216583480293998
    },
    {
      "open_edge_threshold": 0.08,
      "open_prob_threshold": 0.3,
      "open_flat_max": 0.46,
      "risk_ok_threshold": 0.5,
      "risk_exit_threshold": 0.56,
      "strategy_return": -0.019567977023675853,
      "buy_hold_return": -0.15739445782607187,
      "excess_return": 0.137826480802396,
      "sharpe": -2.9417244692238347,
      "max_drawdown": -0.021541059460130525,
      "num_trades": 68.0,
      "win_rate": 0.5735294117647058,
      "profit_factor": 1.182563442935471,
      "avg_trade_pnl_equity": 0.00014648969078141972,
      "blocked_open_count": 26.0,
      "final_equity": 0.9804320229763241,
      "score": -0.216583480293998
    },
    {
      "open_edge_threshold": 0.08,
      "open_prob_threshold": 0.3,
      "open_flat_max": 0.42,
      "risk_ok_threshold": 0.46,
      "risk_exit_threshold": 0.48,
      "strategy_return": -0.019856381567352144,
      "buy_hold_return": -0.15739445782607187,
      "excess_return": 0.13753807625871972,
      "sharpe": -2.988623337201607,
      "max_drawdown": -0.021828883600549492,
      "num_trades": 68.0,
      "win_rate": 0.5735294117647058,
      "profit_factor": 1.1774209587745377,
      "avg_trade_pnl_equity": 0.000142363339402027,
      "blocked_open_count": 26.0,
      "final_equity": 0.9801436184326479,
      "score": -0.2318876944652602
    },
    {
      "open_edge_threshold": 0.08,
      "open_prob_threshold": 0.3,
      "open_flat_max": 0.42,
      "risk_ok_threshold": 0.46,
      "risk_exit_threshold": 0.52,
      "strategy_return": -0.019856381567352144,
      "buy_hold_return": -0.15739445782607187,
      "excess_return": 0.13753807625871972,
      "sharpe": -2.988623337201607,
      "max_drawdown": -0.021828883600549492,
      "num_trades": 68.0,
      "win_rate": 0.5735294117647058,
      "profit_factor": 1.1774209587745377,
      "avg_trade_pnl_equity": 0.000142363339402027,
      "blocked_open_count": 26.0,
      "final_equity": 0.9801436184326479,
      "score": -0.2318876944652602
    },
    {
      "open_edge_threshold": 0.08,
      "open_prob_threshold": 0.3,
      "open_flat_max": 0.42,
      "risk_ok_threshold": 0.46,
      "risk_exit_threshold": 0.56,
      "strategy_return": -0.019856381567352144,
      "buy_hold_return": -0.15739445782607187,
      "excess_return": 0.13753807625871972,
      "sharpe": -2.988623337201607,
      "max_drawdown": -0.021828883600549492,
      "num_trades": 68.0,
      "win_rate": 0.5735294117647058,
      "profit_factor": 1.1774209587745377,
      "avg_trade_pnl_equity": 0.000142363339402027,
      "blocked_open_count": 26.0,
      "final_equity": 0.9801436184326479,
      "score": -0.2318876944652602
    },
    {
      "open_edge_threshold": 0.08,
      "open_prob_threshold": 0.3,
      "open_flat_max": 0.42,
      "risk_ok_threshold": 0.5,
      "risk_exit_threshold": 0.48,
      "strategy_return": -0.019856381567352144,
      "buy_hold_return": -0.15739445782607187,
      "excess_return": 0.13753807625871972,
      "sharpe": -2.988623337201607,
      "max_drawdown": -0.021828883600549492,
      "num_trades": 68.0,
      "win_rate": 0.5735294117647058,
      "profit_factor": 1.1774209587745377,
      "avg_trade_pnl_equity": 0.000142363339402027,
      "blocked_open_count": 26.0,
      "final_equity": 0.9801436184326479,
      "score": -0.2318876944652602
    },
    {
      "open_edge_threshold": 0.08,
      "open_prob_threshold": 0.3,
      "open_flat_max": 0.42,
      "risk_ok_threshold": 0.5,
      "risk_exit_threshold": 0.52,
      "strategy_return": -0.019856381567352144,
      "buy_hold_return": -0.15739445782607187,
      "excess_return": 0.13753807625871972,
      "sharpe": -2.988623337201607,
      "max_drawdown": -0.021828883600549492,
      "num_trades": 68.0,
      "win_rate": 0.5735294117647058,