{
  "num_rows": 8734,
  "num_trades": 869,
  "entry_distribution": {
    "-100": 110,
    "0": 4833,
    "1": 1963,
    "2": 1828
  },
  "hold_distribution": {
    "-100": 110,
    "0": 1592,
    "1": 3658,
    "2": 3374
  },
  "exit_distribution": {
    "-100": 110,
    "0": 5463,
    "1": 1632,
    "2": 1529
  },
  "ambiguous_ratio": 0.012594458438287154,
  "avg_holding_bars": 9.181818181818182,
  "avg_net_roi": 0.301264899717812,
  "label_coverage": 0.9467597893290588
}