{
  "checkpoint": "checkpoints/0065a_leg_align_c1/market_state_best.pt",
  "labels": "data/labels/leg_participation/leg_participation_valid.csv",
  "confirmed_bars": 234,
  "ideal_long_rate": 0.04700854700854701,
  "ideal_short_rate": 0.0,
  "calibrator": {
    "long_scale": 1.0,
    "long_bias": 0.0,
    "short_scale": 1.0,
    "short_bias": 0.0,
    "long_shift": 0.037157626650622555,
    "short_shift": 0.31642625443637373,
    "part_long_x": [
      0.12074372917413712,
      0.12076412886381149,
      0.12260086089372635,
      0.12294632196426392,
      0.12297414988279343,
      0.12354624271392822,
      0.12397827208042145,
      0.12423474341630936,
      0.12455680966377258,
      0.12494069337844849,
      0.12761157751083374,
      0.1284501999616623,
      0.1296917051076889,
      0.1304406076669693,
      0.131112739443779,
      0.13196434080600739,
      0.1324653923511505,
      0.1329449564218521,
      0.13303130865097046,
      0.13460129499435425,
      0.13584935665130615,
      0.13599132001399994,
      0.1388496309518814,
      0.1398814469575882,
      0.1407744139432907,
      0.14108213782310486,
      0.1412564069032669,
      0.14189563691616058,
      0.14214786887168884,
      0.14233173429965973,
      0.143040269613266,
      0.14304129779338837,
      0.14333511888980865,
      0.14350642263889313,
      0.1437588483095169,
      0.14407065510749817,
      0.14414873719215393,
      0.14417581260204315,
      0.14422377943992615,
      0.1443254053592682,
      0.1445111185312271,
      0.14475727081298828,
      0.14557276666164398,
      0.1455739587545395,
      0.14577384293079376,
      0.14585226774215698,
      0.14611248672008514,
      0.14632806181907654,
      0.14741745591163635,
      0.1476374864578247,
      0.1631343479550213,
      0.19257277037416184,
      0.2229709830135107,
      0.23405208811163902
    ],
    "part_long_y": [
      0.0,
      0.0,
      0.0,
      0.0,
      0.0,
      0.0,
      0.0,
      0.0,
      0.0,
      0.0,
      0.0,
      0.0,
      0.0,
      0.0,
      0.0,
      0.0,
      0.0,
      0.0,
      0.0,
      0.0,
      0.0,
      0.0,
      0.0,
      0.0,
      0.0,
      0.0,
      0.0,
      0.0,
      0.0,
      0.0,
      0.0,
      0.0,
      0.0,
      0.0,
      0.0,
      0.0,
      0.0,
      0.0,
      0.0,
      0.0,
      0.0,
      0.0,
      0.0,
      0.0,
      0.0,
      0.0,
      0.0,
      0.0,
      0.0,
      0.0,
      0.027522935779816515,
      0.07936507936507936,
      0.25,
      0.25
    ],
    "part_short_x": [
      0.37198564410209656,
      0.3743915855884552,
      0.3809622824192047,
      0.38170522451400757,
      0.38216593861579895,
      0.3832840323448181,
      0.38383907079696655,
      0.3841401934623718,
      0.38443440198898315,
      0.3852858245372772,
      0.3857492506504059,
      0.3877790868282318,
      0.3879390358924866,
      0.3880327343940735,
      0.38817426562309265,
      0.38874301314353943,
      0.38888728618621826,
      0.3894912600517273,
      0.38965022563934326,
      0.3899828791618347,
      0.3900813162326813,
      0.3903629183769226,
      0.3904537856578827,
      0.3908942639827728,
      0.39169609546661377,
      0.39283666014671326,
      0.3930201232433319,
      0.39380836486816406,
      0.39392924308776855,
      0.3939686715602875,
      0.3940054774284363,
      0.3942171335220337,
      0.39427629113197327,
      0.3944823145866394,
      0.3945293724536896,
      0.394639790058136,
      0.39545783400535583,
      0.39667490124702454,
      0.39708539843559265,
      0.39714211225509644,
      0.3972919285297394,
      0.39746490120887756,
      0.3978014290332794,
      0.3982219099998474,
      0.3982638418674469,
      0.3982890546321869,
      0.39852410554885864,
      0.3985415995121002,
      0.39857247471809387,
      0.3987835943698883,
      0.3987902104854584,
      0.3991379737854004,
      0.3994259834289551,
      0.399537056684494,
      0.39976638555526733,
      0.4002154469490051,
      0.4007987976074219,
      0.4009437561035156,
      0.40107786655426025,
      0.4014175832271576,
      0.4015441834926605,
      0.4016285240650177,
      0.401723712682724,
      0.4017702341079712,
      0.40184250473976135,
      0.40203729271888733,
      0.40219783782958984,
      0.40229180455207825,
      0.40246760845184326,
      0.4028806984424591,
      0.40305250883102417,
      0.4031309187412262,
      0.4035402238368988,
      0.4039892852306366,
      0.4042564332485199,
      0.40463173389434814,
      0.4049678146839142,
      0.40518757700920105,
      0.4052616357803345,
      0.40526360273361206,
      0.4052892029285431,
      0.4053279757499695,
      0.40546002984046936,
      0.4057065546512604,
      0.40589430928230286,
      0.40629079937934875,
      0.40642306208610535,
      0.4065268337726593,
      0.40654510259628296,
      0.4065608084201813,
      0.4068467915058136,
      0.4069884419441223,
      0.40718552470207214,
      0.4074825346469879,
      0.40752100944519043,
      0.4078041613101959,
      0.40780818462371826,
      0.40802159905433655,
      0.40804243087768555,
      0.4080493450164795,
      0.4080912470817566,
      0.4082680940628052,
      0.40834107995033264,
      0.4085383713245392,
      0.40861406922340393,
      0.40863120555877686,
      0.4087387025356293,
      0.4087447226047516,
      0.4087449014186859,
      0.4087912440299988,
      0.40891507267951965,
      0.40901368856430054,
      0.4093815088272095,
      0.40952834486961365,
      0.4095727503299713,
      0.4095747172832489,
      0.40959858894348145,
      0.40995103120803833,
      0.41010919213294983,
      0.41073721647262573,
      0.41087737679481506,
      0.4109954535961151,
      0.4110899567604065,
      0.4111657738685608,
      0.41118595004081726,
      0.4112570881843567,
      0.4113781750202179,
      0.41146591305732727,
      0.4119417071342468,
      0.41226550936698914,
      0.4125882387161255,
      0.41259852051734924,
      0.41269445419311523,
      0.41276100277900696,
      0.4129416048526764,
      0.41307321190834045,
      0.41308483481407166,
      0.41381141543388367,
      0.41389766335487366,
      0.4142822027206421,
      0.41429251432418823,
      0.4145034849643707,
      0.41467079520225525,
      0.4148525893688202,
      0.41486334800720215,
      0.41491618752479553,
      0.415284126996994,
      0.4156566262245178,
      0.4162285327911377,
      0.4164521098136902,
      0.41655465960502625,
      0.41693830490112305,
      0.4171273708343506,
      0.41730621457099915,
      0.41733023524284363,
      0.417981892824173,
      0.41803592443466187,
      0.41812026500701904,
      0.41816446185112,
      0.41853249073028564,
      0.4188120365142822,
      0.4188210964202881,
      0.4188447594642639,
      0.4192124903202057,
      0.419249027967453,
      0.41953739523887634,
      0.41993987560272217,
      0.4204369783401489,
      0.4205145239830017,
      0.4205797612667084,
      0.42074835300445557,
      0.4209348261356354,
      0.42139410972595215,
      0.4216800928115845,
      0.42218226194381714,
      0.4227032959461212,
      0.42334023118019104,
      0.4234873652458191,
      0.4236406981945038,
      0.4237593412399292,
      0.42379266023635864,
      0.4245496988296509,
      0.42456546425819397,
      0.4246472418308258,
      0.4246838092803955,
      0.425946444272995,
      0.42613929510116577,
      0.42628782987594604,
      0.42628878355026245,
      0.4264191687107086,
      0.4265037178993225,
      0.4266323447227478,
      0.42684435844421387,
      0.4268728494644165,
      0.4271758794784546,
      0.4282437562942505,
      0.42831116914749146,
      0.42844706773757935,
      0.4286464750766754,
      0.42893341183662415,
      0.4290182590484619,
      0.42930322885513306,
      0.42959877848625183,
      0.43101567029953003,
      0.4314594864845276,
